Email Address,First Name,Last Name,Zipcode,City,State,Phone,Opt-In,Address 1,Address 2,In Market Intent (1077),FDAF,DMA,MEMBER_RATING,OPTIN_TIME,OPTIN_IP,CONFIRM_TIME,CONFIRM_IP,LATITUDE,LONGITUDE,GMTOFF,DSTOFF,TIMEZONE,CC,REGION,LAST_CHANGED,LEID,EUID,NOTES
itzaix@gmail.com,Francisco,Owen,79901,El Paso,TX,520-227-5555,TRUE,,,,GTX,EL PASO,2,,,5/1/17 20:48,35.162.203.75,,,,,,,,5/1/17 20:48,264947249,6756570f27,�
pv950505@gmail.com,Pablo,Vargas,76801,Brownwood,TX,325-642-5039,TRUE,1714 Ave D Brownwood Texas 76801,,E,GTX,ABILENE-SWEETWATER,2,,,5/2/17 13:41,35.162.203.75,,,,,,,,5/2/17 13:42,264947925,fd878fcec8,
adrianjoes1@gmail.com,Adrian Joes,Del Bosque Rodriguez,64620,Altamont,MO,818-675-7677,TRUE,,,,Midwest,KANSAS CITY,2,,,5/1/17 11:41,35.162.203.75,,,,,,,,5/1/17 11:41,264946081,df2330da73,
eltesorodemexico75@yahoo.com,Benito,Moreno,67204,Wichita,KS,316-633-5171,TRUE,,,,Midwest,WICHITA-HUTCHINSON PLUS,2,,,5/1/17 12:38,35.162.203.75,,,,,,,,5/1/17 12:38,264946165,3ceb58bc9b,
chino_ekns@hotmail.com,Carlos Alberto,Palma Martinez,67110,Mulvane,KS,811-899-3100,TRUE,Avenida Mexico 310,,D,Midwest,WICHITA-HUTCHINSON PLUS,2,,,5/2/17 10:17,35.162.203.75,,,,,,,,5/2/17 10:20,264947853,101f34547f,
angelolivar88@gmail.com,Angel,Olivar,30060,Marietta,GA,770-568-9334,TRUE,1900 S Cobb Dr Se Se Apt C11 Marieta GA 30060,,A,,,2,,,5/1/17 12:43,35.162.203.75,,,,,,,,5/1/17 12:52,264946169,1f41fa3bb7,